Firm,Year,Sector,GDP_Growth,Inflation,Interest_Rate,Exchange_Rate,ROA,Debt_to_Equity,Debt_to_Assets,Liquidity,Firm_Size_LnAssets
Hydropower_1,2015,Hydropower,4.372700594,4.082337977,10.44741158,97.69801285,3.94,1.51,0.44,0.97,15.52
Hydropower_1,2016,Hydropower,7.253571532,7.879639409,8.557975443,104.6402849,4.56,1.61,0.41,1.02,15.39
Hydropower_1,2017,Hydropower,6.159969709,7.329770563,9.168578594,106.5765004,4.64,1.75,0.68,1.43,15.12
Hydropower_1,2018,Hydropower,5.493292421,4.849356443,9.465447373,111.0832792,3.55,1.4,0.58,1.29,15.68
Hydropower_1,2019,Hydropower,3.280093202,4.727299869,9.824279937,114.3521423,5.91,0.9,0.64,1.07,15.54
Hydropower_1,2020,Hydropower,3.279972602,4.733618039,11.14070385,123.1490008,5.33,1.44,0.54,1.39,16.93
Hydropower_1,2021,Hydropower,2.790418061,5.216968972,8.798695129,123.3063389,5.82,1.5,0.44,1.42,16.12
Hydropower_1,2022,Hydropower,6.830880729,6.099025727,10.05693775,125.1068004,5.68,1.69,0.44,1.41,15.69
Hydropower_1,2023,Hydropower,5.505575059,5.727780075,10.36965828,132.7562009,4.79,1.32,0.61,1.45,16.16
Hydropower_1,2024,Hydropower,6.040362889,5.164916561,8.185801651,132.5583127,5.77,0.95,0.53,1.05,15.28
Hydropower_10,2015,Hydropower,4.372700594,4.082337977,10.44741158,97.69801285,4.56,1.27,0.46,1.06,16.48
Hydropower_10,2016,Hydropower,7.253571532,7.879639409,8.557975443,104.6402849,5.11,1.78,0.6,1.4,15.29
Hydropower_10,2017,Hydropower,6.159969709,7.329770563,9.168578594,106.5765004,4.09,1.33,0.42,1.2,16.51
Hydropower_10,2018,Hydropower,5.493292421,4.849356443,9.465447373,111.0832792,5.92,1.25,0.41,0.95,16.54
Hydropower_10,2019,Hydropower,3.280093202,4.727299869,9.824279937,114.3521423,5.89,1.36,0.48,0.94,16.32
Hydropower_10,2020,Hydropower,3.279972602,4.733618039,11.14070385,123.1490008,3.76,1.16,0.54,1.1,16.53
Hydropower_10,2021,Hydropower,2.790418061,5.216968972,8.798695129,123.3063389,4.49,1.7,0.66,1.37,16.69
Hydropower_10,2022,Hydropower,6.830880729,6.099025727,10.05693775,125.1068004,3.9,1.4,0.62,1.32,16.23
Hydropower_10,2023,Hydropower,5.505575059,5.727780075,10.36965828,132.7562009,3.85,1.08,0.62,1.37,15.18
Hydropower_10,2024,Hydropower,6.040362889,5.164916561,8.185801651,132.5583127,3.11,1.88,0.53,1.21,15.98
Hydropower_11,2015,Hydropower,4.372700594,4.082337977,10.44741158,97.69801285,4.83,1.26,0.5,1.16,15.16
Hydropower_11,2016,Hydropower,7.253571532,7.879639409,8.557975443,104.6402849,4.51,1.45,0.51,0.99,15.82
Hydropower_11,2017,Hydropower,6.159969709,7.329770563,9.168578594,106.5765004,3.15,1.89,0.7,1.1,15.81
Hydropower_11,2018,Hydropower,5.493292421,4.849356443,9.465447373,111.0832792,3.84,1.55,0.41,1.16,15.13
Hydropower_11,2019,Hydropower,3.280093202,4.727299869,9.824279937,114.3521423,5.72,0.94,0.66,0.95,15.7
Hydropower_11,2020,Hydropower,3.279972602,4.733618039,11.14070385,123.1490008,3.72,1.93,0.57,1.03,15.22
Hydropower_11,2021,Hydropower,2.790418061,5.216968972,8.798695129,123.3063389,3.43,1.55,0.53,1.26,16.62
Hydropower_11,2022,Hydropower,6.830880729,6.099025727,10.05693775,125.1068004,4.47,1.2,0.62,1.34,16.9
Hydropower_11,2023,Hydropower,5.505575059,5.727780075,10.36965828,132.7562009,5.96,0.97,0.55,1.5,15.14
Hydropower_11,2024,Hydropower,6.040362889,5.164916561,8.185801651,132.5583127,3.73,1.75,0.66,1.46,16.91
Hydropower_12,2015,Hydropower,4.372700594,4.082337977,10.44741158,97.69801285,5.02,1.54,0.67,1.29,16.05
Hydropower_12,2016,Hydropower,7.253571532,7.879639409,8.557975443,104.6402849,5.28,1.44,0.53,1.15,15.6
Hydropower_12,2017,Hydropower,6.159969709,7.329770563,9.168578594,106.5765004,3.71,1.87,0.48,1.28,15.15
Hydropower_12,2018,Hydropower,5.493292421,4.849356443,9.465447373,111.0832792,5.18,1.75,0.58,1.37,16
Hydropower_12,2019,Hydropower,3.280093202,4.727299869,9.824279937,114.3521423,4.1,0.98,0.67,0.97,16.59
Hydropower_12,2020,Hydropower,3.279972602,4.733618039,11.14070385,123.1490008,4.9,1.17,0.46,1.15,16.41
Hydropower_12,2021,Hydropower,2.790418061,5.216968972,8.798695129,123.3063389,4.9,1.1,0.59,1.4,15.1
Hydropower_12,2022,Hydropower,6.830880729,6.099025727,10.05693775,125.1068004,4.61,1.69,0.59,1.13,15.15
Hydropower_12,2023,Hydropower,5.505575059,5.727780075,10.36965828,132.7562009,3.27,0.84,0.62,1.24,15.81
Hydropower_12,2024,Hydropower,6.040362889,5.164916561,8.185801651,132.5583127,5.51,1.48,0.44,1.25,15.59
Hydropower_13,2015,Hydropower,4.372700594,4.082337977,10.44741158,97.69801285,3.96,1.71,0.61,1.01,15.46
Hydropower_13,2016,Hydropower,7.253571532,7.879639409,8.557975443,104.6402849,3.56,1.85,0.67,1.12,15.56
Hydropower_13,2017,Hydropower,6.159969709,7.329770563,9.168578594,106.5765004,3.12,1.21,0.45,1.1,16.61
Hydropower_13,2018,Hydropower,5.493292421,4.849356443,9.465447373,111.0832792,4.77,1.79,0.47,0.92,16.86
Hydropower_13,2019,Hydropower,3.280093202,4.727299869,9.824279937,114.3521423,5.03,0.93,0.69,0.91,15.81
Hydropower_13,2020,Hydropower,3.279972602,4.733618039,11.14070385,123.1490008,3.05,1.82,0.45,1.4,16.81
Hydropower_13,2021,Hydropower,2.790418061,5.216968972,8.798695129,123.3063389,4.54,0.95,0.66,1.06,15.64
Hydropower_13,2022,Hydropower,6.830880729,6.099025727,10.05693775,125.1068004,3.68,1.28,0.55,1.21,15.95
Hydropower_13,2023,Hydropower,5.505575059,5.727780075,10.36965828,132.7562009,4.94,1.76,0.47,1.08,15.45
Hydropower_13,2024,Hydropower,6.040362889,5.164916561,8.185801651,132.5583127,3.52,0.98,0.66,1.46,16.28
Hydropower_14,2015,Hydropower,4.372700594,4.082337977,10.44741158,97.69801285,5.07,1.08,0.53,1.06,16.96
Hydropower_14,2016,Hydropower,7.253571532,7.879639409,8.557975443,104.6402849,4.16,1.67,0.55,1.16,16.21
Hydropower_14,2017,Hydropower,6.159969709,7.329770563,9.168578594,106.5765004,5.81,1.66,0.51,1.42,15.72
Hydropower_14,2018,Hydropower,5.493292421,4.849356443,9.465447373,111.0832792,3.41,1.57,0.58,1.41,16.3
Hydropower_14,2019,Hydropower,3.280093202,4.727299869,9.824279937,114.3521423,4.02,1.63,0.45,1.01,15.25
Hydropower_14,2020,Hydropower,3.279972602,4.733618039,11.14070385,123.1490008,3.34,1.45,0.52,1.38,16.78
Hydropower_14,2021,Hydropower,2.790418061,5.216968972,8.798695129,123.3063389,5.77,1.1,0.69,1.17,16.01
Hydropower_14,2022,Hydropower,6.830880729,6.099025727,10.05693775,125.1068004,5.63,1.21,0.48,1.19,15.9
Hydropower_14,2023,Hydropower,5.505575059,5.727780075,10.36965828,132.7562009,3.77,1.02,0.6,0.98,16.17
Hydropower_14,2024,Hydropower,6.040362889,5.164916561,8.185801651,132.5583127,4.98,1.89,0.5,0.95,16.25
Hydropower_15,2015,Hydropower,4.372700594,4.082337977,10.44741158,97.69801285,5.45,1.5,0.63,1.34,15.14
Hydropower_15,2016,Hydropower,7.253571532,7.879639409,8.557975443,104.6402849,4.67,1.28,0.44,1.2,16.37
Hydropower_15,2017,Hydropower,6.159969709,7.329770563,9.168578594,106.5765004,4.59,1.35,0.69,1.16,15.48
Hydropower_15,2018,Hydropower,5.493292421,4.849356443,9.465447373,111.0832792,3.73,1.94,0.54,1.34,16.43
Hydropower_15,2019,Hydropower,3.280093202,4.727299869,9.824279937,114.3521423,3.28,0.98,0.47,1.36,16.65
Hydropower_15,2020,Hydropower,3.279972602,4.733618039,11.14070385,123.1490008,5.69,1.5,0.42,1,16.61
Hydropower_15,2021,Hydropower,2.790418061,5.216968972,8.798695129,123.3063389,5.7,1.41,0.45,1.27,16.11
Hydropower_15,2022,Hydropower,6.830880729,6.099025727,10.05693775,125.1068004,4.9,1.53,0.56,0.98,16.04
Hydropower_15,2023,Hydropower,5.505575059,5.727780075,10.36965828,132.7562009,4.02,0.82,0.5,1.35,15.29
Hydropower_15,2024,Hydropower,6.040362889,5.164916561,8.185801651,132.5583127,4.05,1.85,0.65,1.29,16.55
Hydropower_16,2015,Hydropower,4.372700594,4.082337977,10.44741158,97.69801285,5.18,1.92,0.53,1.47,15.54
Hydropower_16,2016,Hydropower,7.253571532,7.879639409,8.557975443,104.6402849,5.69,1.48,0.47,0.94,15.99
Hydropower_16,2017,Hydropower,6.159969709,7.329770563,9.168578594,106.5765004,5.66,1.64,0.59,0.93,15.57
Hydropower_16,2018,Hydropower,5.493292421,4.849356443,9.465447373,111.0832792,5.34,1.91,0.61,1.07,15.27
Hydropower_16,2019,Hydropower,3.280093202,4.727299869,9.824279937,114.3521423,4.93,1.65,0.45,1.06,16.26
Hydropower_16,2020,Hydropower,3.279972602,4.733618039,11.14070385,123.1490008,3.25,0.98,0.45,1.05,15.11
Hydropower_16,2021,Hydropower,2.790418061,5.216968972,8.798695129,123.3063389,3.48,1.49,0.41,1.44,16.5
Hydropower_16,2022,Hydropower,6.830880729,6.099025727,10.05693775,125.1068004,5.7,1.53,0.62,1.05,15.64
Hydropower_16,2023,Hydropower,5.505575059,5.727780075,10.36965828,132.7562009,4.82,1.31,0.6,1.06,15
Hydropower_16,2024,Hydropower,6.040362889,5.164916561,8.185801651,132.5583127,3.03,1.68,0.54,1.36,16.02
Hydropower_17,2015,Hydropower,4.372700594,4.082337977,10.44741158,97.69801285,3.3,1.92,0.65,1.17,15.09
Hydropower_17,2016,Hydropower,7.253571532,7.879639409,8.557975443,104.6402849,4.99,1.91,0.64,1.37,15.55
Hydropower_17,2017,Hydropower,6.159969709,7.329770563,9.168578594,106.5765004,3.02,1.34,0.58,0.94,16.41
Hydropower_17,2018,Hydropower,5.493292421,4.849356443,9.465447373,111.0832792,3.48,0.94,0.66,1.19,15.13
Hydropower_17,2019,Hydropower,3.280093202,4.727299869,9.824279937,114.3521423,4.65,1.98,0.46,0.92,16.68
Hydropower_17,2020,Hydropower,3.279972602,4.733618039,11.14070385,123.1490008,5.08,1.81,0.43,0.94,15.01
Hydropower_17,2021,Hydropower,2.790418061,5.216968972,8.798695129,123.3063389,4.96,0.95,0.48,1.44,15.49
Hydropower_17,2022,Hydropower,6.830880729,6.099025727,10.05693775,125.1068004,3.67,1.91,0.42,0.98,16.48
Hydropower_17,2023,Hydropower,5.505575059,5.727780075,10.36965828,132.7562009,5.14,1.84,0.56,1.22,15.63
Hydropower_17,2024,Hydropower,6.040362889,5.164916561,8.185801651,132.5583127,3.71,1.42,0.68,1.15,15.2
Hydropower_18,2015,Hydropower,4.372700594,4.082337977,10.44741158,97.69801285,3.98,1.51,0.41,1.11,15.72
Hydropower_18,2016,Hydropower,7.253571532,7.879639409,8.557975443,104.6402849,5.24,1.28,0.44,1.44,15.54
Hydropower_18,2017,Hydropower,6.159969709,7.329770563,9.168578594,106.5765004,4.95,0.87,0.54,0.91,16.69
Hydropower_18,2018,Hydropower,5.493292421,4.849356443,9.465447373,111.0832792,5.55,1.2,0.68,1.3,15.63
Hydropower_18,2019,Hydropower,3.280093202,4.727299869,9.824279937,114.3521423,4.97,1.76,0.49,1.48,16.58
Hydropower_18,2020,Hydropower,3.279972602,4.733618039,11.14070385,123.1490008,4.7,0.81,0.55,1.24,16.78
Hydropower_18,2021,Hydropower,2.790418061,5.216968972,8.798695129,123.3063389,3.28,1.2,0.41,1.46,15.87
Hydropower_18,2022,Hydropower,6.830880729,6.099025727,10.05693775,125.1068004,4.1,1.28,0.44,0.93,16.82
Hydropower_18,2023,Hydropower,5.505575059,5.727780075,10.36965828,132.7562009,3.8,1.44,0.7,1.15,15.75
Hydropower_18,2024,Hydropower,6.040362889,5.164916561,8.185801651,132.5583127,3.73,1.9,0.69,1.06,16.93
Hydropower_19,2015,Hydropower,4.372700594,4.082337977,10.44741158,97.69801285,5.92,1.22,0.4,1.34,15.18
Hydropower_19,2016,Hydropower,7.253571532,7.879639409,8.557975443,104.6402849,4.18,1.22,0.69,1.49,16.37
Hydropower_19,2017,Hydropower,6.159969709,7.329770563,9.168578594,106.5765004,5.68,1.69,0.59,1.05,15.99
Hydropower_19,2018,Hydropower,5.493292421,4.849356443,9.465447373,111.0832792,4.89,1.34,0.66,1.29,15.78
Hydropower_19,2019,Hydropower,3.280093202,4.727299869,9.824279937,114.3521423,5.38,1.07,0.54,1.02,16.27
Hydropower_19,2020,Hydropower,3.279972602,4.733618039,11.14070385,123.1490008,4.51,1.34,0.55,1.24,16.41
Hydropower_19,2021,Hydropower,2.790418061,5.216968972,8.798695129,123.3063389,4.73,0.97,0.55,1.18,15.01
Hydropower_19,2022,Hydropower,6.830880729,6.099025727,10.05693775,125.1068004,4.48,1.01,0.6,1.48,15.33
Hydropower_19,2023,Hydropower,5.505575059,5.727780075,10.36965828,132.7562009,3.59,1.4,0.44,1.27,16.43
Hydropower_19,2024,Hydropower,6.040362889,5.164916561,8.185801651,132.5583127,5.17,1.3,0.41,1.11,16.33
Hydropower_2,2015,Hydropower,4.372700594,4.082337977,10.44741158,97.69801285,3.27,1.14,0.46,1.35,15.89
Hydropower_2,2016,Hydropower,7.253571532,7.879639409,8.557975443,104.6402849,3.59,1.24,0.55,1.18,16.25
Hydropower_2,2017,Hydropower,6.159969709,7.329770563,9.168578594,106.5765004,3.14,1.58,0.42,1.41,15.98
Hydropower_2,2018,Hydropower,5.493292421,4.849356443,9.465447373,111.0832792,3.98,1.48,0.57,1.34,15.8
Hydropower_2,2019,Hydropower,3.280093202,4.727299869,9.824279937,114.3521423,4.17,1.23,0.48,1.37,16.99
Hydropower_2,2020,Hydropower,3.279972602,4.733618039,11.14070385,123.1490008,3.81,1.98,0.64,1.29,16.76
Hydropower_2,2021,Hydropower,2.790418061,5.216968972,8.798695129,123.3063389,5.49,1.53,0.49,1.01,16.25
Hydropower_2,2022,Hydropower,6.830880729,6.099025727,10.05693775,125.1068004,4.07,1.08,0.54,1.23,16.14
Hydropower_2,2023,Hydropower,5.505575059,5.727780075,10.36965828,132.7562009,3.84,0.92,0.4,1.49,16.24
Hydropower_2,2024,Hydropower,6.040362889,5.164916561,8.185801651,132.5583127,4.63,0.98,0.42,1.46,15.4
Hydropower_20,2015,Hydropower,4.372700594,4.082337977,10.44741158,97.69801285,3.84,1.9,0.49,0.97,16.93
Hydropower_20,2016,Hydropower,7.253571532,7.879639409,8.557975443,104.6402849,3.07,1.23,0.61,0.99,16.52
Hydropower_20,2017,Hydropower,6.159969709,7.329770563,9.168578594,106.5765004,4.94,1.5,0.46,1.04,16.9
Hydropower_20,2018,Hydropower,5.493292421,4.849356443,9.465447373,111.0832792,3.53,1.56,0.6,1.05,16.41
Hydropower_20,2019,Hydropower,3.280093202,4.727299869,9.824279937,114.3521423,5.82,0.82,0.69,1.41,15.6
Hydropower_20,2020,Hydropower,3.279972602,4.733618039,11.14070385,123.1490008,5.86,1.6,0.43,1.24,15.21
Hydropower_20,2021,Hydropower,2.790418061,5.216968972,8.798695129,123.3063389,5.74,1.01,0.6,1.21,16.56
Hydropower_20,2022,Hydropower,6.830880729,6.099025727,10.05693775,125.1068004,4.11,1.95,0.53,0.97,16.29
Hydropower_20,2023,Hydropower,5.505575059,5.727780075,10.36965828,132.7562009,3.05,0.98,0.66,1.42,15.1
Hydropower_20,2024,Hydropower,6.040362889,5.164916561,8.185801651,132.5583127,5.78,1.3,0.45,1.33,15.72
Hydropower_21,2015,Hydropower,4.372700594,4.082337977,10.44741158,97.69801285,4.28,0.9,0.61,0.94,16.91
Hydropower_21,2016,Hydropower,7.253571532,7.879639409,8.557975443,104.6402849,5.9,2,0.65,1.32,16
Hydropower_21,2017,Hydropower,6.159969709,7.329770563,9.168578594,106.5765004,5.89,1.4,0.68,1.23,15.87
Hydropower_21,2018,Hydropower,5.493292421,4.849356443,9.465447373,111.0832792,5.56,1.51,0.6,0.95,15.92
Hydropower_21,2019,Hydropower,3.280093202,4.727299869,9.824279937,114.3521423,3.88,0.88,0.55,1.17,15.42
Hydropower_21,2020,Hydropower,3.279972602,4.733618039,11.14070385,123.1490008,4.16,1.7,0.59,1.19,15.74
Hydropower_21,2021,Hydropower,2.790418061,5.216968972,8.798695129,123.3063389,5.55,1.05,0.66,1,15.74
Hydropower_21,2022,Hydropower,6.830880729,6.099025727,10.05693775,125.1068004,3.95,1.88,0.57,1.47,15.1
Hydropower_21,2023,Hydropower,5.505575059,5.727780075,10.36965828,132.7562009,3.51,1.05,0.41,1.41,16.54
Hydropower_21,2024,Hydropower,6.040362889,5.164916561,8.185801651,132.5583127,4.67,1.03,0.68,1.3,15.83
Hydropower_22,2015,Hydropower,4.372700594,4.082337977,10.44741158,97.69801285,5.81,0.84,0.61,1.18,16.64
Hydropower_22,2016,Hydropower,7.253571532,7.879639409,8.557975443,104.6402849,5.09,1.37,0.6,1.15,16.7
Hydropower_22,2017,Hydropower,6.159969709,7.329770563,9.168578594,106.5765004,4.71,1.48,0.46,1.29,15.42
Hydropower_22,2018,Hydropower,5.493292421,4.849356443,9.465447373,111.0832792,3.29,0.88,0.6,1.23,16.31
Hydropower_22,2019,Hydropower,3.280093202,4.727299869,9.824279937,114.3521423,4.85,1.73,0.52,0.94,15.94
Hydropower_22,2020,Hydropower,3.279972602,4.733618039,11.14070385,123.1490008,5.97,1.34,0.6,1.21,16.76
Hydropower_22,2021,Hydropower,2.790418061,5.216968972,8.798695129,123.3063389,3.42,1.43,0.43,1.38,15.43
Hydropower_22,2022,Hydropower,6.830880729,6.099025727,10.05693775,125.1068004,4.55,1.33,0.6,1.18,16.36
Hydropower_22,2023,Hydropower,5.505575059,5.727780075,10.36965828,132.7562009,5.63,1.28,0.7,0.93,16.22
Hydropower_22,2024,Hydropower,6.040362889,5.164916561,8.185801651,132.5583127,5.22,1.47,0.41,1.37,15.59
Hydropower_23,2015,Hydropower,4.372700594,4.082337977,10.44741158,97.69801285,5.09,0.99,0.69,1.02,15.27
Hydropower_23,2016,Hydropower,7.253571532,7.879639409,8.557975443,104.6402849,5.11,1.02,0.52,1.06,16.3
Hydropower_23,2017,Hydropower,6.159969709,7.329770563,9.168578594,106.5765004,4.08,1.83,0.66,1,16.48
Hydropower_23,2018,Hydropower,5.493292421,4.849356443,9.465447373,111.0832792,3.88,1.94,0.63,1.1,15.63
Hydropower_23,2019,Hydropower,3.280093202,4.727299869,9.824279937,114.3521423,5.43,1.25,0.57,1.35,16.29
Hydropower_23,2020,Hydropower,3.279972602,4.733618039,11.14070385,123.1490008,5.43,1.12,0.62,1.21,15.79
Hydropower_23,2021,Hydropower,2.790418061,5.216968972,8.798695129,123.3063389,5.6,1.57,0.66,1.02,16.43
Hydropower_23,2022,Hydropower,6.830880729,6.099025727,10.05693775,125.1068004,5.74,1.29,0.52,1.43,15.4
Hydropower_23,2023,Hydropower,5.505575059,5.727780075,10.36965828,132.7562009,4.53,0.83,0.5,1.43,16.78
Hydropower_23,2024,Hydropower,6.040362889,5.164916561,8.185801651,132.5583127,4.5,0.99,0.6,1.42,15.57
Hydropower_24,2015,Hydropower,4.372700594,4.082337977,10.44741158,97.69801285,5.39,1.66,0.64,1.04,15.74
Hydropower_24,2016,Hydropower,7.253571532,7.879639409,8.557975443,104.6402849,4.95,1.59,0.63,1.17,15.12
Hydropower_24,2017,Hydropower,6.159969709,7.329770563,9.168578594,106.5765004,5.11,0.83,0.64,1.49,15.22
Hydropower_24,2018,Hydropower,5.493292421,4.849356443,9.465447373,111.0832792,5.39,1.07,0.53,1.36,16.03
Hydropower_24,2019,Hydropower,3.280093202,4.727299869,9.824279937,114.3521423,5.67,1.08,0.65,0.92,15.54
Hydropower_24,2020,Hydropower,3.279972602,4.733618039,11.14070385,123.1490008,4.01,1.61,0.44,0.94,16.67
Hydropower_24,2021,Hydropower,2.790418061,5.216968972,8.798695129,123.3063389,4.13,0.82,0.56,1.18,15.03
Hydropower_24,2022,Hydropower,6.830880729,6.099025727,10.05693775,125.1068004,3.28,0.92,0.4,1.45,15.76
Hydropower_24,2023,Hydropower,5.505575059,5.727780075,10.36965828,132.7562009,4.73,1.76,0.5,1.22,15.67
Hydropower_24,2024,Hydropower,6.040362889,5.164916561,8.185801651,132.5583127,3.11,1.01,0.51,1.2,15.04
Hydropower_25,2015,Hydropower,4.372700594,4.082337977,10.44741158,97.69801285,4.4,1.58,0.52,0.96,15.25
Hydropower_25,2016,Hydropower,7.253571532,7.879639409,8.557975443,104.6402849,4.63,1.09,0.61,1.29,15.83
Hydropower_25,2017,Hydropower,6.159969709,7.329770563,9.168578594,106.5765004,3.86,0.92,0.52,1.39,15.99
Hydropower_25,2018,Hydropower,5.493292421,4.849356443,9.465447373,111.0832792,4.77,1.09,0.53,1.13,15.81
Hydropower_25,2019,Hydropower,3.280093202,4.727299869,9.824279937,114.3521423,3.09,1.67,0.47,1.37,16.06
Hydropower_25,2020,Hydropower,3.279972602,4.733618039,11.14070385,123.1490008,3.11,1.83,0.51,1.48,16.19
Hydropower_25,2021,Hydropower,2.790418061,5.216968972,8.798695129,123.3063389,5.47,1.8,0.47,1.02,15.02
Hydropower_25,2022,Hydropower,6.830880729,6.099025727,10.05693775,125.1068004,4.08,1.28,0.42,1.21,15.93
Hydropower_25,2023,Hydropower,5.505575059,5.727780075,10.36965828,132.7562009,3.38,1.6,0.58,1.07,16.93
Hydropower_25,2024,Hydropower,6.040362889,5.164916561,8.185801651,132.5583127,4.57,1.05,0.6,1.38,16.04
Hydropower_26,2015,Hydropower,4.372700594,4.082337977,10.44741158,97.69801285,5.31,1.15,0.59,1.25,16.36
Hydropower_26,2016,Hydropower,7.253571532,7.879639409,8.557975443,104.6402849,3.65,1.88,0.54,1.28,15.62
Hydropower_26,2017,Hydropower,6.159969709,7.329770563,9.168578594,106.5765004,4.87,0.82,0.51,1.38,16.55
Hydropower_26,2018,Hydropower,5.493292421,4.849356443,9.465447373,111.0832792,3.26,0.9,0.66,1.14,16.55
Hydropower_26,2019,Hydropower,3.280093202,4.727299869,9.824279937,114.3521423,3.16,1.05,0.56,1.45,16.04
Hydropower_26,2020,Hydropower,3.279972602,4.733618039,11.14070385,123.1490008,4.59,0.83,0.54,1.22,16.95
Hydropower_26,2021,Hydropower,2.790418061,5.216968972,8.798695129,123.3063389,4.62,1.02,0.41,0.99,15.25
Hydropower_26,2022,Hydropower,6.830880729,6.099025727,10.05693775,125.1068004,4.91,1.5,0.5,1.32,15.03
Hydropower_26,2023,Hydropower,5.505575059,5.727780075,10.36965828,132.7562009,5.18,1.31,0.51,1.38,16.54
Hydropower_26,2024,Hydropower,6.040362889,5.164916561,8.185801651,132.5583127,5.93,1.87,0.52,1.09,16.61
Hydropower_27,2015,Hydropower,4.372700594,4.082337977,10.44741158,97.69801285,4.55,1.78,0.57,1.41,15.24
Hydropower_27,2016,Hydropower,7.253571532,7.879639409,8.557975443,104.6402849,3.97,1.21,0.56,1.44,15.53
Hydropower_27,2017,Hydropower,6.159969709,7.329770563,9.168578594,106.5765004,5.39,1.11,0.58,1.07,15.04
Hydropower_27,2018,Hydropower,5.493292421,4.849356443,9.465447373,111.0832792,3.81,1.26,0.63,1.49,15.59
Hydropower_27,2019,Hydropower,3.280093202,4.727299869,9.824279937,114.3521423,4.32,1.51,0.64,0.98,16.55
Hydropower_27,2020,Hydropower,3.279972602,4.733618039,11.14070385,123.1490008,3.24,1.12,0.62,1.02,16.04
Hydropower_27,2021,Hydropower,2.790418061,5.216968972,8.798695129,123.3063389,3.08,1.55,0.69,1.01,15.7
Hydropower_27,2022,Hydropower,6.830880729,6.099025727,10.05693775,125.1068004,5.89,1.29,0.41,1.44,15.74
Hydropower_27,2023,Hydropower,5.505575059,5.727780075,10.36965828,132.7562009,5.51,1.46,0.46,1.29,15
Hydropower_27,2024,Hydropower,6.040362889,5.164916561,8.185801651,132.5583127,5.09,1.32,0.4,0.99,15.6
Hydropower_28,2015,Hydropower,4.372700594,4.082337977,10.44741158,97.69801285,4.23,1.15,0.59,1.16,16.29
Hydropower_28,2016,Hydropower,7.253571532,7.879639409,8.557975443,104.6402849,3.52,1.94,0.67,1.27,16.95
Hydropower_28,2017,Hydropower,6.159969709,7.329770563,9.168578594,106.5765004,3.47,1.72,0.47,0.95,16.69
Hydropower_28,2018,Hydropower,5.493292421,4.849356443,9.465447373,111.0832792,3.75,0.97,0.68,1.43,15.05
Hydropower_28,2019,Hydropower,3.280093202,4.727299869,9.824279937,114.3521423,4.65,1.84,0.42,1.38,16.8
Hydropower_28,2020,Hydropower,3.279972602,4.733618039,11.14070385,123.1490008,5.14,1.38,0.68,1.2,16.57
Hydropower_28,2021,Hydropower,2.790418061,5.216968972,8.798695129,123.3063389,4.98,1.87,0.51,1.48,16.56
Hydropower_28,2022,Hydropower,6.830880729,6.099025727,10.05693775,125.1068004,3.84,1.76,0.43,1.15,15.92
Hydropower_28,2023,Hydropower,5.505575059,5.727780075,10.36965828,132.7562009,5.86,1.31,0.55,1.49,15.8
Hydropower_28,2024,Hydropower,6.040362889,5.164916561,8.185801651,132.5583127,5.21,0.83,0.48,1.3,15.61
Hydropower_29,2015,Hydropower,4.372700594,4.082337977,10.44741158,97.69801285,4.66,1.12,0.49,1.28,15.13
Hydropower_29,2016,Hydropower,7.253571532,7.879639409,8.557975443,104.6402849,4.84,1.45,0.49,1,15.46
Hydropower_29,2017,Hydropower,6.159969709,7.329770563,9.168578594,106.5765004,4.26,1.56,0.64,1.43,15.49
Hydropower_29,2018,Hydropower,5.493292421,4.849356443,9.465447373,111.0832792,3.74,1.11,0.56,1.16,15.97
Hydropower_29,2019,Hydropower,3.280093202,4.727299869,9.824279937,114.3521423,4.07,0.97,0.49,1,16.49
Hydropower_29,2020,Hydropower,3.279972602,4.733618039,11.14070385,123.1490008,5.27,1.8,0.58,0.91,15.95
Hydropower_29,2021,Hydropower,2.790418061,5.216968972,8.798695129,123.3063389,3.04,1.98,0.61,1.24,15.12
Hydropower_29,2022,Hydropower,6.830880729,6.099025727,10.05693775,125.1068004,3.35,1.43,0.48,1.22,16.92
Hydropower_29,2023,Hydropower,5.505575059,5.727780075,10.36965828,132.7562009,3.14,1.01,0.52,1.33,16.89
Hydropower_29,2024,Hydropower,6.040362889,5.164916561,8.185801651,132.5583127,3.12,1.13,0.44,1.43,16.57
Hydropower_3,2015,Hydropower,4.372700594,4.082337977,10.44741158,97.69801285,3.42,1.1,0.52,0.93,15.79
Hydropower_3,2016,Hydropower,7.253571532,7.879639409,8.557975443,104.6402849,5.41,0.99,0.54,1,15.08
Hydropower_3,2017,Hydropower,6.159969709,7.329770563,9.168578594,106.5765004,3.22,1.02,0.58,0.98,15.95
Hydropower_3,2018,Hydropower,5.493292421,4.849356443,9.465447373,111.0832792,5.96,1.14,0.49,1.34,16.09
Hydropower_3,2019,Hydropower,3.280093202,4.727299869,9.824279937,114.3521423,5.32,1.01,0.61,1.39,15.46
Hydropower_3,2020,Hydropower,3.279972602,4.733618039,11.14070385,123.1490008,3.6,1.88,0.66,1.03,16.93
Hydropower_3,2021,Hydropower,2.790418061,5.216968972,8.798695129,123.3063389,3.02,0.9,0.63,1.2,16.82
Hydropower_3,2022,Hydropower,6.830880729,6.099025727,10.05693775,125.1068004,5.45,1.43,0.41,1.4,16.44
Hydropower_3,2023,Hydropower,5.505575059,5.727780075,10.36965828,132.7562009,5.12,1.29,0.54,1.34,16.07
Hydropower_3,2024,Hydropower,6.040362889,5.164916561,8.185801651,132.5583127,5.19,1.98,0.43,1.23,16.74
Hydropower_30,2015,Hydropower,4.372700594,4.082337977,10.44741158,97.69801285,5.57,0.82,0.45,0.95,16.98
Hydropower_30,2016,Hydropower,7.253571532,7.879639409,8.557975443,104.6402849,5.11,1.9,0.6,1.34,16.09
Hydropower_30,2017,Hydropower,6.159969709,7.329770563,9.168578594,106.5765004,4.42,0.94,0.45,1.01,16.93
Hydropower_30,2018,Hydropower,5.493292421,4.849356443,9.465447373,111.0832792,3.29,1.49,0.56,1.41,15.15
Hydropower_30,2019,Hydropower,3.280093202,4.727299869,9.824279937,114.3521423,4.47,1.13,0.61,1.39,15.73
Hydropower_30,2020,Hydropower,3.279972602,4.733618039,11.14070385,123.1490008,4.42,1.47,0.43,1.22,15.45
Hydropower_30,2021,Hydropower,2.790418061,5.216968972,8.798695129,123.3063389,3.52,1.58,0.57,1.33,15.39
Hydropower_30,2022,Hydropower,6.830880729,6.099025727,10.05693775,125.1068004,4.3,1.8,0.48,1.09,15.28
Hydropower_30,2023,Hydropower,5.505575059,5.727780075,10.36965828,132.7562009,4.2,1.05,0.69,1.18,16.24
Hydropower_30,2024,Hydropower,6.040362889,5.164916561,8.185801651,132.5583127,4.85,0.81,0.55,1.39,16.56
Hydropower_31,2015,Hydropower,4.372700594,4.082337977,10.44741158,97.69801285,4.91,0.96,0.64,1.18,16.16
Hydropower_31,2016,Hydropower,7.253571532,7.879639409,8.557975443,104.6402849,3.14,1.88,0.57,1.11,15.29
Hydropower_31,2017,Hydropower,6.159969709,7.329770563,9.168578594,106.5765004,4.12,1.85,0.41,1.2,16.62
Hydropower_31,2018,Hydropower,5.493292421,4.849356443,9.465447373,111.0832792,4.88,1.52,0.59,1.4,16.27
Hydropower_31,2019,Hydropower,3.280093202,4.727299869,9.824279937,114.3521423,4.51,1.52,0.69,1.1,15.78
Hydropower_31,2020,Hydropower,3.279972602,4.733618039,11.14070385,123.1490008,5.57,1.6,0.58,1,16.35
Hydropower_31,2021,Hydropower,2.790418061,5.216968972,8.798695129,123.3063389,4.98,1.01,0.65,1.33,15.52
Hydropower_31,2022,Hydropower,6.830880729,6.099025727,10.05693775,125.1068004,3.49,1.9,0.67,1.4,15.69
Hydropower_31,2023,Hydropower,5.505575059,5.727780075,10.36965828,132.7562009,3.21,1.3,0.47,0.96,16.83
Hydropower_31,2024,Hydropower,6.040362889,5.164916561,8.185801651,132.5583127,4.93,1.26,0.46,1.04,15.58
Hydropower_32,2015,Hydropower,4.372700594,4.082337977,10.44741158,97.69801285,3.08,1.42,0.58,0.99,15.94
Hydropower_32,2016,Hydropower,7.253571532,7.879639409,8.557975443,104.6402849,4.76,0.86,0.52,1.11,16.78
Hydropower_32,2017,Hydropower,6.159969709,7.329770563,9.168578594,106.5765004,5.82,1,0.65,1.17,16.42
Hydropower_32,2018,Hydropower,5.493292421,4.849356443,9.465447373,111.0832792,4.73,1.69,0.67,1.35,15.12
Hydropower_32,2019,Hydropower,3.280093202,4.727299869,9.824279937,114.3521423,4.16,0.9,0.51,1.29,15.29
Hydropower_32,2020,Hydropower,3.279972602,4.733618039,11.14070385,123.1490008,4.93,1.52,0.47,1.27,15.02
Hydropower_32,2021,Hydropower,2.790418061,5.216968972,8.798695129,123.3063389,4.37,1.09,0.63,1.11,16.26
Hydropower_32,2022,Hydropower,6.830880729,6.099025727,10.05693775,125.1068004,4.64,1.27,0.48,1.4,15.9
Hydropower_32,2023,Hydropower,5.505575059,5.727780075,10.36965828,132.7562009,5.82,1.15,0.65,1.18,15.27
Hydropower_32,2024,Hydropower,6.040362889,5.164916561,8.185801651,132.5583127,4.16,1.23,0.53,1.49,16.92
Hydropower_33,2015,Hydropower,4.372700594,4.082337977,10.44741158,97.69801285,5.88,1.66,0.6,1.28,16.06
Hydropower_33,2016,Hydropower,7.253571532,7.879639409,8.557975443,104.6402849,5.72,1.16,0.43,0.98,15.48
Hydropower_33,2017,Hydropower,6.159969709,7.329770563,9.168578594,106.5765004,3.59,1.48,0.59,1.31,16
Hydropower_33,2018,Hydropower,5.493292421,4.849356443,9.465447373,111.0832792,3.21,1.37,0.54,1.1,16.36
Hydropower_33,2019,Hydropower,3.280093202,4.727299869,9.824279937,114.3521423,3.3,1.6,0.58,1.31,15.15
Hydropower_33,2020,Hydropower,3.279972602,4.733618039,11.14070385,123.1490008,3.05,1.92,0.45,0.94,15.55
Hydropower_33,2021,Hydropower,2.790418061,5.216968972,8.798695129,123.3063389,3.28,1.68,0.62,1,16.61
Hydropower_33,2022,Hydropower,6.830880729,6.099025727,10.05693775,125.1068004,5.05,1.06,0.66,1.41,15.92
Hydropower_33,2023,Hydropower,5.505575059,5.727780075,10.36965828,132.7562009,3.21,0.84,0.47,1.04,16.09
Hydropower_33,2024,Hydropower,6.040362889,5.164916561,8.185801651,132.5583127,3.96,1.11,0.43,1.4,15.87
Hydropower_34,2015,Hydropower,4.372700594,4.082337977,10.44741158,97.69801285,5.53,1.51,0.41,1.07,15.09
Hydropower_34,2016,Hydropower,7.253571532,7.879639409,8.557975443,104.6402849,3.07,0.86,0.59,1.29,15.33
Hydropower_34,2017,Hydropower,6.159969709,7.329770563,9.168578594,106.5765004,5.44,1.4,0.58,1.32,15.89
Hydropower_34,2018,Hydropower,5.493292421,4.849356443,9.465447373,111.0832792,3.85,1.52,0.56,1.21,15.42
Hydropower_34,2019,Hydropower,3.280093202,4.727299869,9.824279937,114.3521423,3.35,1.2,0.47,1.08,15.1
Hydropower_34,2020,Hydropower,3.279972602,4.733618039,11.14070385,123.1490008,5.09,1.73,0.52,1.03,16.69
Hydropower_34,2021,Hydropower,2.790418061,5.216968972,8.798695129,123.3063389,4.89,0.93,0.58,0.92,16.96
Hydropower_34,2022,Hydropower,6.830880729,6.099025727,10.05693775,125.1068004,5.63,0.89,0.55,1.08,16.59
Hydropower_34,2023,Hydropower,5.505575059,5.727780075,10.36965828,132.7562009,5.21,1.67,0.7,1.29,16.71
Hydropower_34,2024,Hydropower,6.040362889,5.164916561,8.185801651,132.5583127,5.41,1.39,0.44,1.46,15.48
Hydropower_35,2015,Hydropower,4.372700594,4.082337977,10.44741158,97.69801285,3.85,1.63,0.61,1.42,16.92
Hydropower_35,2016,Hydropower,7.253571532,7.879639409,8.557975443,104.6402849,3.53,1.32,0.52,1.36,15.39
Hydropower_35,2017,Hydropower,6.159969709,7.329770563,9.168578594,106.5765004,5.25,1.1,0.53,1.37,16.9
Hydropower_35,2018,Hydropower,5.493292421,4.849356443,9.465447373,111.0832792,5.42,1.78,0.62,1.3,16.99
Hydropower_35,2019,Hydropower,3.280093202,4.727299869,9.824279937,114.3521423,5.97,1.76,0.61,1.06,16.42
Hydropower_35,2020,Hydropower,3.279972602,4.733618039,11.14070385,123.1490008,4.24,1.63,0.7,1.44,16.96
Hydropower_35,2021,Hydropower,2.790418061,5.216968972,8.798695129,123.3063389,4.12,1.13,0.44,1.3,16.14
Hydropower_35,2022,Hydropower,6.830880729,6.099025727,10.05693775,125.1068004,5.33,1.51,0.43,1.24,15.52
Hydropower_35,2023,Hydropower,5.505575059,5.727780075,10.36965828,132.7562009,4.02,1.23,0.62,0.97,15.87
Hydropower_35,2024,Hydropower,6.040362889,5.164916561,8.185801651,132.5583127,5.79,0.91,0.57,1.17,16.19
Hydropower_36,2015,Hydropower,4.372700594,4.082337977,10.44741158,97.69801285,5.58,1.9,0.48,1.18,15.15
Hydropower_36,2016,Hydropower,7.253571532,7.879639409,8.557975443,104.6402849,4.29,0.96,0.42,1.42,16.24
Hydropower_36,2017,Hydropower,6.159969709,7.329770563,9.168578594,106.5765004,5.25,1.94,0.43,1.23,16.96
Hydropower_36,2018,Hydropower,5.493292421,4.849356443,9.465447373,111.0832792,5.26,1.34,0.67,1.13,15.38
Hydropower_36,2019,Hydropower,3.280093202,4.727299869,9.824279937,114.3521423,3.31,1.02,0.46,1.49,16.59
Hydropower_36,2020,Hydropower,3.279972602,4.733618039,11.14070385,123.1490008,5.71,1.45,0.5,0.97,16.82
Hydropower_36,2021,Hydropower,2.790418061,5.216968972,8.798695129,123.3063389,4.52,1.85,0.47,1.15,16.89
Hydropower_36,2022,Hydropower,6.830880729,6.099025727,10.05693775,125.1068004,5.48,1.68,0.51,0.93,16.92
Hydropower_36,2023,Hydropower,5.505575059,5.727780075,10.36965828,132.7562009,3.96,1.77,0.42,1.34,16.04
Hydropower_36,2024,Hydropower,6.040362889,5.164916561,8.185801651,132.5583127,5.69,1.59,0.56,1.45,16.95
Hydropower_37,2015,Hydropower,4.372700594,4.082337977,10.44741158,97.69801285,4.17,1.63,0.42,1.07,16.51
Hydropower_37,2016,Hydropower,7.253571532,7.879639409,8.557975443,104.6402849,3.03,1.82,0.64,1.42,15.32
Hydropower_37,2017,Hydropower,6.159969709,7.329770563,9.168578594,106.5765004,5.72,1.1,0.47,1.08,15.95
Hydropower_37,2018,Hydropower,5.493292421,4.849356443,9.465447373,111.0832792,3.27,1.39,0.56,1.45,16.44
Hydropower_37,2019,Hydropower,3.280093202,4.727299869,9.824279937,114.3521423,3.96,1.07,0.66,1.35,15.49
Hydropower_37,2020,Hydropower,3.279972602,4.733618039,11.14070385,123.1490008,5.85,1.99,0.6,1.38,16.28
Hydropower_37,2021,Hydropower,2.790418061,5.216968972,8.798695129,123.3063389,5.85,1.93,0.56,0.91,16.33
Hydropower_37,2022,Hydropower,6.830880729,6.099025727,10.05693775,125.1068004,4.72,0.85,0.5,1.48,15.33
Hydropower_37,2023,Hydropower,5.505575059,5.727780075,10.36965828,132.7562009,4.9,1.65,0.5,1.34,16.13
Hydropower_37,2024,Hydropower,6.040362889,5.164916561,8.185801651,132.5583127,4.35,1.91,0.6,1.08,16.54
Hydropower_38,2015,Hydropower,4.372700594,4.082337977,10.44741158,97.69801285,3.88,1.02,0.7,1.4,16
Hydropower_38,2016,Hydropower,7.253571532,7.879639409,8.557975443,104.6402849,3.99,1.48,0.6,1.07,15.02
Hydropower_38,2017,Hydropower,6.159969709,7.329770563,9.168578594,106.5765004,5.02,1.9,0.57,1.42,15.02
Hydropower_38,2018,Hydropower,5.493292421,4.849356443,9.465447373,111.0832792,5.26,0.84,0.62,0.97,15.71
Hydropower_38,2019,Hydropower,3.280093202,4.727299869,9.824279937,114.3521423,5.37,1.64,0.54,1.32,16.85
Hydropower_38,2020,Hydropower,3.279972602,4.733618039,11.14070385,123.1490008,5.37,1.16,0.42,1.22,15.46
Hydropower_38,2021,Hydropower,2.790418061,5.216968972,8.798695129,123.3063389,3.27,1.91,0.57,0.96,16.27
Hydropower_38,2022,Hydropower,6.830880729,6.099025727,10.05693775,125.1068004,4.48,1.97,0.69,1.05,15.44
Hydropower_38,2023,Hydropower,5.505575059,5.727780075,10.36965828,132.7562009,3.17,1.93,0.45,0.91,15.64
Hydropower_38,2024,Hydropower,6.040362889,5.164916561,8.185801651,132.5583127,4.65,1.37,0.61,1.18,16.7
Hydropower_39,2015,Hydropower,4.372700594,4.082337977,10.44741158,97.69801285,4.32,1.83,0.46,1.08,16.46
Hydropower_39,2016,Hydropower,7.253571532,7.879639409,8.557975443,104.6402849,5.66,1.81,0.56,1.26,15.19
Hydropower_39,2017,Hydropower,6.159969709,7.329770563,9.168578594,106.5765004,4.05,1.18,0.43,1.08,15.86
Hydropower_39,2018,Hydropower,5.493292421,4.849356443,9.465447373,111.0832792,3.35,1.79,0.54,1.08,15.06
Hydropower_39,2019,Hydropower,3.280093202,4.727299869,9.824279937,114.3521423,3.43,0.84,0.63,1.35,15.96
Hydropower_39,2020,Hydropower,3.279972602,4.733618039,11.14070385,123.1490008,5.28,1.52,0.5,0.93,16.32
Hydropower_39,2021,Hydropower,2.790418061,5.216968972,8.798695129,123.3063389,4.85,1.08,0.6,1.44,15.24
Hydropower_39,2022,Hydropower,6.830880729,6.099025727,10.05693775,125.1068004,3.3,0.94,0.64,1.41,15.58
Hydropower_39,2023,Hydropower,5.505575059,5.727780075,10.36965828,132.7562009,3.25,0.89,0.68,1.3,15.8
Hydropower_39,2024,Hydropower,6.040362889,5.164916561,8.185801651,132.5583127,5.1,1.64,0.47,1.26,16.84
Hydropower_4,2015,Hydropower,4.372700594,4.082337977,10.44741158,97.69801285,5.31,0.93,0.47,1.25,15.26
Hydropower_4,2016,Hydropower,7.253571532,7.879639409,8.557975443,104.6402849,3.22,1.28,0.7,1.21,16.58
Hydropower_4,2017,Hydropower,6.159969709,7.329770563,9.168578594,106.5765004,4.08,1.96,0.44,1.08,15.25
Hydropower_4,2018,Hydropower,5.493292421,4.849356443,9.465447373,111.0832792,3.35,1.84,0.55,1.24,16.59
Hydropower_4,2019,Hydropower,3.280093202,4.727299869,9.824279937,114.3521423,5.59,1.78,0.59,1.31,15.55
Hydropower_4,2020,Hydropower,3.279972602,4.733618039,11.14070385,123.1490008,4.87,1.11,0.61,1.42,16.75
Hydropower_4,2021,Hydropower,2.790418061,5.216968972,8.798695129,123.3063389,3.99,1.01,0.57,1.28,16.89
Hydropower_4,2022,Hydropower,6.830880729,6.099025727,10.05693775,125.1068004,3.19,1.6,0.4,1.36,15.3
Hydropower_4,2023,Hydropower,5.505575059,5.727780075,10.36965828,132.7562009,3.93,1.92,0.5,1,15.93
Hydropower_4,2024,Hydropower,6.040362889,5.164916561,8.185801651,132.5583127,3.98,1.47,0.56,1.18,16.96
Hydropower_40,2015,Hydropower,4.372700594,4.082337977,10.44741158,97.69801285,3.22,1.21,0.52,1.44,16.99
Hydropower_40,2016,Hydropower,7.253571532,7.879639409,8.557975443,104.6402849,5.47,1.67,0.45,1.01,15.09
Hydropower_40,2017,Hydropower,6.159969709,7.329770563,9.168578594,106.5765004,5.12,0.88,0.7,0.95,16.52
Hydropower_40,2018,Hydropower,5.493292421,4.849356443,9.465447373,111.0832792,3.24,1.18,0.68,1.04,15.74
Hydropower_40,2019,Hydropower,3.280093202,4.727299869,9.824279937,114.3521423,3.25,1.45,0.56,1.38,15.78
Hydropower_40,2020,Hydropower,3.279972602,4.733618039,11.14070385,123.1490008,5.96,1.75,0.65,0.92,16.51
Hydropower_40,2021,Hydropower,2.790418061,5.216968972,8.798695129,123.3063389,4.12,1.18,0.56,1.25,16.84
Hydropower_40,2022,Hydropower,6.830880729,6.099025727,10.05693775,125.1068004,4.11,1.55,0.59,1.5,16.9
Hydropower_40,2023,Hydropower,5.505575059,5.727780075,10.36965828,132.7562009,5.44,1.86,0.43,1.41,16.15
Hydropower_40,2024,Hydropower,6.040362889,5.164916561,8.185801651,132.5583127,5.84,1.54,0.63,1.21,15.71
Hydropower_5,2015,Hydropower,4.372700594,4.082337977,10.44741158,97.69801285,5.19,1.49,0.43,0.91,15.97
Hydropower_5,2016,Hydropower,7.253571532,7.879639409,8.557975443,104.6402849,4.91,1.14,0.51,1.05,16.73
Hydropower_5,2017,Hydropower,6.159969709,7.329770563,9.168578594,106.5765004,5.66,1.72,0.41,1.34,16.18
Hydropower_5,2018,Hydropower,5.493292421,4.849356443,9.465447373,111.0832792,4.42,1.02,0.42,1.5,15.75
Hydropower_5,2019,Hydropower,3.280093202,4.727299869,9.824279937,114.3521423,3.36,1.19,0.52,0.96,15.57
Hydropower_5,2020,Hydropower,3.279972602,4.733618039,11.14070385,123.1490008,5.14,1.31,0.44,1.14,15.41
Hydropower_5,2021,Hydropower,2.790418061,5.216968972,8.798695129,123.3063389,5.28,1.41,0.57,1.38,16.52
Hydropower_5,2022,Hydropower,6.830880729,6.099025727,10.05693775,125.1068004,4.68,1.09,0.61,1.02,15.77
Hydropower_5,2023,Hydropower,5.505575059,5.727780075,10.36965828,132.7562009,5.31,0.94,0.64,1.23,16.02
Hydropower_5,2024,Hydropower,6.040362889,5.164916561,8.185801651,132.5583127,4.48,1.53,0.46,1.34,15.98
Hydropower_6,2015,Hydropower,4.372700594,4.082337977,10.44741158,97.69801285,4.57,1.15,0.45,1.27,16.15
Hydropower_6,2016,Hydropower,7.253571532,7.879639409,8.557975443,104.6402849,4.28,1.5,0.43,1.01,16.73
Hydropower_6,2017,Hydropower,6.159969709,7.329770563,9.168578594,106.5765004,3.08,0.99,0.59,1.11,16.96
Hydropower_6,2018,Hydropower,5.493292421,4.849356443,9.465447373,111.0832792,3.32,1.38,0.61,1.37,15.82
Hydropower_6,2019,Hydropower,3.280093202,4.727299869,9.824279937,114.3521423,3.09,1.44,0.41,1.23,16.66
Hydropower_6,2020,Hydropower,3.279972602,4.733618039,11.14070385,123.1490008,4.91,0.86,0.68,0.9,16.53
Hydropower_6,2021,Hydropower,2.790418061,5.216968972,8.798695129,123.3063389,3.94,1.2,0.42,1.36,16.15
Hydropower_6,2022,Hydropower,6.830880729,6.099025727,10.05693775,125.1068004,4.53,0.96,0.56,0.92,16.91
Hydropower_6,2023,Hydropower,5.505575059,5.727780075,10.36965828,132.7562009,5.72,0.88,0.61,1.35,15.4
Hydropower_6,2024,Hydropower,6.040362889,5.164916561,8.185801651,132.5583127,3.75,1.99,0.66,1.02,15.22
Hydropower_7,2015,Hydropower,4.372700594,4.082337977,10.44741158,97.69801285,4.23,1.19,0.61,1.47,16.71
Hydropower_7,2016,Hydropower,7.253571532,7.879639409,8.557975443,104.6402849,5.27,1.77,0.64,1.12,15.88
Hydropower_7,2017,Hydropower,6.159969709,7.329770563,9.168578594,106.5765004,3.69,1.11,0.5,1.1,16.69
Hydropower_7,2018,Hydropower,5.493292421,4.849356443,9.465447373,111.0832792,3.23,1.62,0.64,0.99,16.79
Hydropower_7,2019,Hydropower,3.280093202,4.727299869,9.824279937,114.3521423,3.87,1.71,0.42,1.08,15.12
Hydropower_7,2020,Hydropower,3.279972602,4.733618039,11.14070385,123.1490008,3.48,1.51,0.67,1.43,16.77
Hydropower_7,2021,Hydropower,2.790418061,5.216968972,8.798695129,123.3063389,5.79,1.37,0.56,1.5,15.9
Hydropower_7,2022,Hydropower,6.830880729,6.099025727,10.05693775,125.1068004,5.42,1.29,0.65,1.12,16.02
Hydropower_7,2023,Hydropower,5.505575059,5.727780075,10.36965828,132.7562009,4.9,1.22,0.54,1.17,16.25
Hydropower_7,2024,Hydropower,6.040362889,5.164916561,8.185801651,132.5583127,5.61,1.92,0.59,1.33,16.85
Hydropower_8,2015,Hydropower,4.372700594,4.082337977,10.44741158,97.69801285,5.41,1.8,0.56,1.43,15.04
Hydropower_8,2016,Hydropower,7.253571532,7.879639409,8.557975443,104.6402849,3.56,1.96,0.62,1.26,15.95
Hydropower_8,2017,Hydropower,6.159969709,7.329770563,9.168578594,106.5765004,5.68,0.95,0.42,1.13,16.38
Hydropower_8,2018,Hydropower,5.493292421,4.849356443,9.465447373,111.0832792,4.62,1.68,0.42,1.15,16.45
Hydropower_8,2019,Hydropower,3.280093202,4.727299869,9.824279937,114.3521423,5.42,1.93,0.47,1.32,16.39
Hydropower_8,2020,Hydropower,3.279972602,4.733618039,11.14070385,123.1490008,5.69,1.02,0.45,0.9,15.27
Hydropower_8,2021,Hydropower,2.790418061,5.216968972,8.798695129,123.3063389,3.95,0.88,0.66,1.27,15.6
Hydropower_8,2022,Hydropower,6.830880729,6.099025727,10.05693775,125.1068004,3.33,1.69,0.47,1.11,15.72
Hydropower_8,2023,Hydropower,5.505575059,5.727780075,10.36965828,132.7562009,3.68,1.49,0.69,1.38,16.61
Hydropower_8,2024,Hydropower,6.040362889,5.164916561,8.185801651,132.5583127,4.28,1.81,0.5,0.96,15.56
Hydropower_9,2015,Hydropower,4.372700594,4.082337977,10.44741158,97.69801285,5.45,0.97,0.45,1.25,15.42
Hydropower_9,2016,Hydropower,7.253571532,7.879639409,8.557975443,104.6402849,5.58,1.75,0.64,1.19,16.91
Hydropower_9,2017,Hydropower,6.159969709,7.329770563,9.168578594,106.5765004,3.02,1.04,0.6,1.29,15.02
Hydropower_9,2018,Hydropower,5.493292421,4.849356443,9.465447373,111.0832792,4.53,1,0.55,0.94,17
Hydropower_9,2019,Hydropower,3.280093202,4.727299869,9.824279937,114.3521423,4.25,1,0.57,1.25,16.35
Hydropower_9,2020,Hydropower,3.279972602,4.733618039,11.14070385,123.1490008,3.67,1.78,0.62,1.24,16.66
Hydropower_9,2021,Hydropower,2.790418061,5.216968972,8.798695129,123.3063389,3.36,1.6,0.47,1.24,15.59
Hydropower_9,2022,Hydropower,6.830880729,6.099025727,10.05693775,125.1068004,4.01,1.43,0.7,1.26,15.03
Hydropower_9,2023,Hydropower,5.505575059,5.727780075,10.36965828,132.7562009,5.83,1.23,0.69,1.31,16.48
Hydropower_9,2024,Hydropower,6.040362889,5.164916561,8.185801651,132.5583127,3.97,1.85,0.6,1.38,16.67
Manufacturing_1,2015,Manufacturing,4.372700594,4.082337977,10.44741158,97.69801285,9.09,0.99,0.41,1.02,16.08
Manufacturing_1,2016,Manufacturing,7.253571532,7.879639409,8.557975443,104.6402849,5.54,0.94,0.44,0.84,15.56
Manufacturing_1,2017,Manufacturing,6.159969709,7.329770563,9.168578594,106.5765004,11.82,1.71,0.69,0.91,15.85
Manufacturing_1,2018,Manufacturing,5.493292421,4.849356443,9.465447373,111.0832792,11.9,1.16,0.56,1.14,15.08
Manufacturing_1,2019,Manufacturing,3.280093202,4.727299869,9.824279937,114.3521423,9.89,0.78,0.69,1.6,15.26
Manufacturing_1,2020,Manufacturing,3.279972602,4.733618039,11.14070385,123.1490008,8.75,1.96,0.53,1.37,16.53
Manufacturing_1,2021,Manufacturing,2.790418061,5.216968972,8.798695129,123.3063389,7.17,1.85,0.49,1.31,15
Manufacturing_1,2022,Manufacturing,6.830880729,6.099025727,10.05693775,125.1068004,10.7,1.91,0.55,1.09,15.83
Manufacturing_1,2023,Manufacturing,5.505575059,5.727780075,10.36965828,132.7562009,9.79,1.99,0.53,1.73,16.05
Manufacturing_1,2024,Manufacturing,6.040362889,5.164916561,8.185801651,132.5583127,6.14,0.93,0.43,1.2,15.11
Manufacturing_2,2015,Manufacturing,4.372700594,4.082337977,10.44741158,97.69801285,11.38,1.22,0.59,0.89,16.95
Manufacturing_2,2016,Manufacturing,7.253571532,7.879639409,8.557975443,104.6402849,10.76,1.69,0.46,1.42,15.45
Manufacturing_2,2017,Manufacturing,6.159969709,7.329770563,9.168578594,106.5765004,11.65,1.6,0.59,0.91,15.61
Manufacturing_2,2018,Manufacturing,5.493292421,4.849356443,9.465447373,111.0832792,10.08,0.9,0.6,1.15,15.61
Manufacturing_2,2019,Manufacturing,3.280093202,4.727299869,9.824279937,114.3521423,9.29,1.76,0.45,1.31,15.46
Manufacturing_2,2020,Manufacturing,3.279972602,4.733618039,11.14070385,123.1490008,7.93,0.99,0.42,1.67,15
Manufacturing_2,2021,Manufacturing,2.790418061,5.216968972,8.798695129,123.3063389,11.53,0.99,0.63,1.29,16.46
Manufacturing_2,2022,Manufacturing,6.830880729,6.099025727,10.05693775,125.1068004,11.06,1.4,0.54,1.5,16.93
Manufacturing_2,2023,Manufacturing,5.505575059,5.727780075,10.36965828,132.7562009,5.32,1.47,0.42,1.79,15.45
Manufacturing_2,2024,Manufacturing,6.040362889,5.164916561,8.185801651,132.5583127,5.18,1.45,0.7,0.93,16.33
Manufacturing_3,2015,Manufacturing,4.372700594,4.082337977,10.44741158,97.69801285,7.64,0.82,0.42,1.07,16.48
Manufacturing_3,2016,Manufacturing,7.253571532,7.879639409,8.557975443,104.6402849,10.67,1.84,0.61,1.19,16.7
Manufacturing_3,2017,Manufacturing,6.159969709,7.329770563,9.168578594,106.5765004,11.91,1.05,0.7,1.22,15.85
Manufacturing_3,2018,Manufacturing,5.493292421,4.849356443,9.465447373,111.0832792,6.05,0.87,0.47,1.21,15.61
Manufacturing_3,2019,Manufacturing,3.280093202,4.727299869,9.824279937,114.3521423,9.16,1.86,0.44,1.71,15.65
Manufacturing_3,2020,Manufacturing,3.279972602,4.733618039,11.14070385,123.1490008,7.67,1.94,0.44,1.51,16.43
Manufacturing_3,2021,Manufacturing,2.790418061,5.216968972,8.798695129,123.3063389,11.79,1.82,0.49,1.41,16.63
Manufacturing_3,2022,Manufacturing,6.830880729,6.099025727,10.05693775,125.1068004,10.89,1.75,0.43,1.11,15.36
Manufacturing_3,2023,Manufacturing,5.505575059,5.727780075,10.36965828,132.7562009,10.87,1.55,0.61,1.62,15.74
Manufacturing_3,2024,Manufacturing,6.040362889,5.164916561,8.185801651,132.5583127,8.28,1.42,0.42,1.76,16.8
Manufacturing_4,2015,Manufacturing,4.372700594,4.082337977,10.44741158,97.69801285,7.9,0.81,0.55,1.62,16.61
Manufacturing_4,2016,Manufacturing,7.253571532,7.879639409,8.557975443,104.6402849,6.91,1.23,0.7,0.8,16.97
Manufacturing_4,2017,Manufacturing,6.159969709,7.329770563,9.168578594,106.5765004,5.39,1.18,0.64,1.44,16.51
Manufacturing_4,2018,Manufacturing,5.493292421,4.849356443,9.465447373,111.0832792,11.05,1.04,0.58,0.85,15.79
Manufacturing_4,2019,Manufacturing,3.280093202,4.727299869,9.824279937,114.3521423,10.69,1.64,0.49,1.06,16.18
Manufacturing_4,2020,Manufacturing,3.279972602,4.733618039,11.14070385,123.1490008,12,1.34,0.59,0.86,16.32
Manufacturing_4,2021,Manufacturing,2.790418061,5.216968972,8.798695129,123.3063389,11.98,0.81,0.56,1.4,15.16
Manufacturing_4,2022,Manufacturing,6.830880729,6.099025727,10.05693775,125.1068004,8.89,0.99,0.53,1.49,16.09
Manufacturing_4,2023,Manufacturing,5.505575059,5.727780075,10.36965828,132.7562009,10.38,1.59,0.44,0.91,16.42
Manufacturing_4,2024,Manufacturing,6.040362889,5.164916561,8.185801651,132.5583127,11.61,0.8,0.67,1.18,15.33
Manufacturing_5,2015,Manufacturing,4.372700594,4.082337977,10.44741158,97.69801285,10.95,1.81,0.53,1.26,16.56
Manufacturing_5,2016,Manufacturing,7.253571532,7.879639409,8.557975443,104.6402849,6.73,1.34,0.46,1.17,16.17
Manufacturing_5,2017,Manufacturing,6.159969709,7.329770563,9.168578594,106.5765004,8.15,1.32,0.51,0.92,16.9
Manufacturing_5,2018,Manufacturing,5.493292421,4.849356443,9.465447373,111.0832792,5.9,1.47,0.52,1.22,15.08
Manufacturing_5,2019,Manufacturing,3.280093202,4.727299869,9.824279937,114.3521423,11.68,1.77,0.65,1.55,15.53
Manufacturing_5,2020,Manufacturing,3.279972602,4.733618039,11.14070385,123.1490008,9.24,1.15,0.62,0.87,16.2
Manufacturing_5,2021,Manufacturing,2.790418061,5.216968972,8.798695129,123.3063389,6.6,1.58,0.63,0.88,15.59
Manufacturing_5,2022,Manufacturing,6.830880729,6.099025727,10.05693775,125.1068004,9.7,1.44,0.4,1.15,16.43
Manufacturing_5,2023,Manufacturing,5.505575059,5.727780075,10.36965828,132.7562009,9.33,1.05,0.52,1.74,16.52
Manufacturing_5,2024,Manufacturing,6.040362889,5.164916561,8.185801651,132.5583127,7.51,1.84,0.54,1.47,15.21
Tourism_1,2015,Tourism,4.372700594,4.082337977,10.44741158,97.69801285,3.57,1.56,0.31,1.88,15.03
Tourism_1,2016,Tourism,7.253571532,7.879639409,8.557975443,104.6402849,6.36,1.39,0.38,1.56,15.02
Tourism_1,2017,Tourism,6.159969709,7.329770563,9.168578594,106.5765004,5.6,1.62,0.53,1.79,14.74
Tourism_1,2018,Tourism,5.493292421,4.849356443,9.465447373,111.0832792,6.86,1.64,0.34,1.21,15.87
Tourism_1,2019,Tourism,3.280093202,4.727299869,9.824279937,114.3521423,5.6,1.45,0.46,1.84,15.66
Tourism_1,2020,Tourism,3.279972602,4.733618039,11.14070385,123.1490008,7.26,1.6,0.36,2.11,15.39
Tourism_1,2021,Tourism,2.790418061,5.216968972,8.798695129,123.3063389,5.76,1.44,0.3,1.81,15.43
Tourism_1,2022,Tourism,6.830880729,6.099025727,10.05693775,125.1068004,5.8,1.42,0.37,2.07,14.92
Tourism_1,2023,Tourism,5.505575059,5.727780075,10.36965828,132.7562009,7.38,1.34,0.59,1.92,15.84
Tourism_1,2024,Tourism,6.040362889,5.164916561,8.185801651,132.5583127,5.02,1.5,0.54,1.32,15.39
Tourism_10,2015,Tourism,4.372700594,4.082337977,10.44741158,97.69801285,5.66,1.64,0.34,1.59,14.86
Tourism_10,2016,Tourism,7.253571532,7.879639409,8.557975443,104.6402849,4.21,1.17,0.4,1.54,15.96
Tourism_10,2017,Tourism,6.159969709,7.329770563,9.168578594,106.5765004,4.35,1.76,0.58,1.74,14.14
Tourism_10,2018,Tourism,5.493292421,4.849356443,9.465447373,111.0832792,4.89,0.82,0.37,1.35,15.04
Tourism_10,2019,Tourism,3.280093202,4.727299869,9.824279937,114.3521423,3.1,1.64,0.41,1.75,14.36
Tourism_10,2020,Tourism,3.279972602,4.733618039,11.14070385,123.1490008,4.61,1.53,0.43,1.74,15.94
Tourism_10,2021,Tourism,2.790418061,5.216968972,8.798695129,123.3063389,4.06,1.53,0.43,1.96,14.23
Tourism_10,2022,Tourism,6.830880729,6.099025727,10.05693775,125.1068004,4.64,1.61,0.48,2.03,14.81
Tourism_10,2023,Tourism,5.505575059,5.727780075,10.36965828,132.7562009,3.6,1.51,0.58,1.64,15.48
Tourism_10,2024,Tourism,6.040362889,5.164916561,8.185801651,132.5583127,7.45,1.35,0.37,1.5,15.41
Tourism_2,2015,Tourism,4.372700594,4.082337977,10.44741158,97.69801285,3.67,0.79,0.59,2.1,15.46
Tourism_2,2016,Tourism,7.253571532,7.879639409,8.557975443,104.6402849,3.14,1.66,0.45,1.27,15.72
Tourism_2,2017,Tourism,6.159969709,7.329770563,9.168578594,106.5765004,6.78,1.65,0.33,1.73,14.55
Tourism_2,2018,Tourism,5.493292421,4.849356443,9.465447373,111.0832792,6.1,0.64,0.46,1.34,15.61
Tourism_2,2019,Tourism,3.280093202,4.727299869,9.824279937,114.3521423,6.52,1.59,0.44,1.21,14.39
Tourism_2,2020,Tourism,3.279972602,4.733618039,11.14070385,123.1490008,4.06,0.75,0.55,1.62,14.69
Tourism_2,2021,Tourism,2.790418061,5.216968972,8.798695129,123.3063389,3.68,1,0.33,1.5,14.67
Tourism_2,2022,Tourism,6.830880729,6.099025727,10.05693775,125.1068004,3.07,1.49,0.45,1.69,15.96
Tourism_2,2023,Tourism,5.505575059,5.727780075,10.36965828,132.7562009,4.75,0.79,0.35,1.78,15.71
Tourism_2,2024,Tourism,6.040362889,5.164916561,8.185801651,132.5583127,5.95,1.58,0.4,1.24,15.4
Tourism_3,2015,Tourism,4.372700594,4.082337977,10.44741158,97.69801285,4.96,1.6,0.52,1.32,15.45
Tourism_3,2016,Tourism,7.253571532,7.879639409,8.557975443,104.6402849,5.19,1.21,0.44,1.76,15.12
Tourism_3,2017,Tourism,6.159969709,7.329770563,9.168578594,106.5765004,7.52,0.61,0.41,1.54,15.89
Tourism_3,2018,Tourism,5.493292421,4.849356443,9.465447373,111.0832792,4.74,0.94,0.42,1.93,14.99
Tourism_3,2019,Tourism,3.280093202,4.727299869,9.824279937,114.3521423,5.57,1.34,0.44,1.85,14.76
Tourism_3,2020,Tourism,3.279972602,4.733618039,11.14070385,123.1490008,6.92,1.78,0.54,2.05,14.33
Tourism_3,2021,Tourism,2.790418061,5.216968972,8.798695129,123.3063389,4.98,1.36,0.57,1.89,15.57
Tourism_3,2022,Tourism,6.830880729,6.099025727,10.05693775,125.1068004,6.11,0.91,0.59,1.63,15.47
Tourism_3,2023,Tourism,5.505575059,5.727780075,10.36965828,132.7562009,7.31,1.36,0.54,1.87,14.77
Tourism_3,2024,Tourism,6.040362889,5.164916561,8.185801651,132.5583127,7.75,1.25,0.39,1.48,14.05
Tourism_4,2015,Tourism,4.372700594,4.082337977,10.44741158,97.69801285,3.74,1.54,0.51,1.51,15.68
Tourism_4,2016,Tourism,7.253571532,7.879639409,8.557975443,104.6402849,7.63,0.73,0.43,1.99,14.02
Tourism_4,2017,Tourism,6.159969709,7.329770563,9.168578594,106.5765004,5.46,1.51,0.38,1.65,15.41
Tourism_4,2018,Tourism,5.493292421,4.849356443,9.465447373,111.0832792,4.29,1.25,0.55,2,15.94
Tourism_4,2019,Tourism,3.280093202,4.727299869,9.824279937,114.3521423,5.3,1.76,0.31,2.02,14.88
Tourism_4,2020,Tourism,3.279972602,4.733618039,11.14070385,123.1490008,7.9,1.01,0.57,2.06,14.47
Tourism_4,2021,Tourism,2.790418061,5.216968972,8.798695129,123.3063389,5.46,1.36,0.44,2.12,15.41
Tourism_4,2022,Tourism,6.830880729,6.099025727,10.05693775,125.1068004,4.64,1.72,0.49,1.63,15.63
Tourism_4,2023,Tourism,5.505575059,5.727780075,10.36965828,132.7562009,6.17,0.72,0.5,1.52,15.09
Tourism_4,2024,Tourism,6.040362889,5.164916561,8.185801651,132.5583127,4.2,1.72,0.57,1.78,15.93
Tourism_5,2015,Tourism,4.372700594,4.082337977,10.44741158,97.69801285,3.38,1.43,0.49,1.57,14.1
Tourism_5,2016,Tourism,7.253571532,7.879639409,8.557975443,104.6402849,3.64,0.68,0.48,1.8,15.01
Tourism_5,2017,Tourism,6.159969709,7.329770563,9.168578594,106.5765004,3.64,0.96,0.32,1.91,15.44
Tourism_5,2018,Tourism,5.493292421,4.849356443,9.465447373,111.0832792,3.76,1.45,0.46,1.89,15.73
Tourism_5,2019,Tourism,3.280093202,4.727299869,9.824279937,114.3521423,3.69,0.68,0.35,1.57,14.36
Tourism_5,2020,Tourism,3.279972602,4.733618039,11.14070385,123.1490008,6.2,1.3,0.52,1.37,15.6
Tourism_5,2021,Tourism,2.790418061,5.216968972,8.798695129,123.3063389,3.91,1.02,0.45,1.63,15.11
Tourism_5,2022,Tourism,6.830880729,6.099025727,10.05693775,125.1068004,4.73,1.35,0.5,1.34,14.79
Tourism_5,2023,Tourism,5.505575059,5.727780075,10.36965828,132.7562009,7.48,0.65,0.31,2.09,14.26
Tourism_5,2024,Tourism,6.040362889,5.164916561,8.185801651,132.5583127,5.37,1.65,0.33,1.55,15.73
Tourism_6,2015,Tourism,4.372700594,4.082337977,10.44741158,97.69801285,6.34,1.77,0.51,1.35,14.31
Tourism_6,2016,Tourism,7.253571532,7.879639409,8.557975443,104.6402849,3.86,1.76,0.32,1.23,14.62
Tourism_6,2017,Tourism,6.159969709,7.329770563,9.168578594,106.5765004,3.96,1.5,0.32,1.85,14.58
Tourism_6,2018,Tourism,5.493292421,4.849356443,9.465447373,111.0832792,3.2,0.76,0.3,1.84,15.74
Tourism_6,2019,Tourism,3.280093202,4.727299869,9.824279937,114.3521423,3.84,1.51,0.59,1.54,15.35
Tourism_6,2020,Tourism,3.279972602,4.733618039,11.14070385,123.1490008,4.39,0.63,0.52,1.27,15.59
Tourism_6,2021,Tourism,2.790418061,5.216968972,8.798695129,123.3063389,3.89,0.63,0.41,1.61,14.5
Tourism_6,2022,Tourism,6.830880729,6.099025727,10.05693775,125.1068004,3.44,0.99,0.39,1.51,15.25
Tourism_6,2023,Tourism,5.505575059,5.727780075,10.36965828,132.7562009,3.6,1.19,0.4,1.88,15.14
Tourism_6,2024,Tourism,6.040362889,5.164916561,8.185801651,132.5583127,5.3,1.52,0.53,1.81,15.67
Tourism_7,2015,Tourism,4.372700594,4.082337977,10.44741158,97.69801285,4.03,1.42,0.5,1.56,15.81
Tourism_7,2016,Tourism,7.253571532,7.879639409,8.557975443,104.6402849,4.82,1.14,0.36,1.42,14.02
Tourism_7,2017,Tourism,6.159969709,7.329770563,9.168578594,106.5765004,5.52,0.93,0.35,2.19,15.35
Tourism_7,2018,Tourism,5.493292421,4.849356443,9.465447373,111.0832792,6.45,1.8,0.33,1.65,14.1
Tourism_7,2019,Tourism,3.280093202,4.727299869,9.824279937,114.3521423,3.2,1.11,0.5,1.89,15.1
Tourism_7,2020,Tourism,3.279972602,4.733618039,11.14070385,123.1490008,7,1.14,0.53,1.34,14.58
Tourism_7,2021,Tourism,2.790418061,5.216968972,8.798695129,123.3063389,6.14,0.8,0.38,1.69,14.61
Tourism_7,2022,Tourism,6.830880729,6.099025727,10.05693775,125.1068004,3.41,1.55,0.31,1.23,14.71
Tourism_7,2023,Tourism,5.505575059,5.727780075,10.36965828,132.7562009,7.37,1.43,0.32,1.71,15.24
Tourism_7,2024,Tourism,6.040362889,5.164916561,8.185801651,132.5583127,7.6,0.86,0.59,2.16,14.67
Tourism_8,2015,Tourism,4.372700594,4.082337977,10.44741158,97.69801285,3.31,0.7,0.39,1.58,15.47
Tourism_8,2016,Tourism,7.253571532,7.879639409,8.557975443,104.6402849,4.38,1.42,0.53,1.24,14.81
Tourism_8,2017,Tourism,6.159969709,7.329770563,9.168578594,106.5765004,7.03,1.39,0.49,1.23,14.14
Tourism_8,2018,Tourism,5.493292421,4.849356443,9.465447373,111.0832792,6.74,0.93,0.41,1.59,15.57
Tourism_8,2019,Tourism,3.280093202,4.727299869,9.824279937,114.3521423,3.92,1.74,0.36,1.36,14.57
Tourism_8,2020,Tourism,3.279972602,4.733618039,11.14070385,123.1490008,4.05,0.78,0.34,1.22,14.87
Tourism_8,2021,Tourism,2.790418061,5.216968972,8.798695129,123.3063389,4.85,1.12,0.48,1.96,15.37
Tourism_8,2022,Tourism,6.830880729,6.099025727,10.05693775,125.1068004,5.42,1.73,0.53,1.66,14.66
Tourism_8,2023,Tourism,5.505575059,5.727780075,10.36965828,132.7562009,6.09,1.1,0.49,1.49,14.11
Tourism_8,2024,Tourism,6.040362889,5.164916561,8.185801651,132.5583127,4.84,1.37,0.46,2.1,14.75
Tourism_9,2015,Tourism,4.372700594,4.082337977,10.44741158,97.69801285,5.31,1.08,0.31,1.32,15.89
Tourism_9,2016,Tourism,7.253571532,7.879639409,8.557975443,104.6402849,6.74,0.93,0.59,2.16,15.28
Tourism_9,2017,Tourism,6.159969709,7.329770563,9.168578594,106.5765004,3.18,1.78,0.54,1.51,15.34
Tourism_9,2018,Tourism,5.493292421,4.849356443,9.465447373,111.0832792,4.26,1.09,0.39,2.09,15.26
Tourism_9,2019,Tourism,3.280093202,4.727299869,9.824279937,114.3521423,6.57,1.67,0.59,1.8,14.4
Tourism_9,2020,Tourism,3.279972602,4.733618039,11.14070385,123.1490008,7.48,0.88,0.48,2.03,14.84
Tourism_9,2021,Tourism,2.790418061,5.216968972,8.798695129,123.3063389,5.56,0.86,0.47,2.18,15.5
Tourism_9,2022,Tourism,6.830880729,6.099025727,10.05693775,125.1068004,5.66,0.64,0.52,1.49,14.2
Tourism_9,2023,Tourism,5.505575059,5.727780075,10.36965828,132.7562009,3.54,1.38,0.54,2.16,14.56
Tourism_9,2024,Tourism,6.040362889,5.164916561,8.185801651,132.5583127,5.24,1.04,0.5,1.59,14.55
Trading_1,2015,Trading,4.372700594,4.082337977,10.44741158,97.69801285,9.92,0.73,0.34,1.1,15.58
Trading_1,2016,Trading,7.253571532,7.879639409,8.557975443,104.6402849,8.52,0.52,0.55,2.25,14.5
Trading_1,2017,Trading,6.159969709,7.329770563,9.168578594,106.5765004,6.26,1.37,0.53,1.9,15.13
Trading_1,2018,Trading,5.493292421,4.849356443,9.465447373,111.0832792,4.5,0.52,0.51,1.17,14.72
Trading_1,2019,Trading,3.280093202,4.727299869,9.824279937,114.3521423,8.66,1.37,0.31,1.14,15.31
Trading_1,2020,Trading,3.279972602,4.733618039,11.14070385,123.1490008,7.35,1.03,0.39,2.36,14.48
Trading_1,2021,Trading,2.790418061,5.216968972,8.798695129,123.3063389,6.55,1.44,0.38,2,14.38
Trading_1,2022,Trading,6.830880729,6.099025727,10.05693775,125.1068004,9.44,1.3,0.41,2.24,15.84
Trading_1,2023,Trading,5.505575059,5.727780075,10.36965828,132.7562009,4.67,1.5,0.33,2.32,14.2
Trading_1,2024,Trading,6.040362889,5.164916561,8.185801651,132.5583127,6.96,0.85,0.58,1.86,15.01
Trading_2,2015,Trading,4.372700594,4.082337977,10.44741158,97.69801285,4.07,1.27,0.47,1.78,14.44
Trading_2,2016,Trading,7.253571532,7.879639409,8.557975443,104.6402849,6.81,0.9,0.39,1.65,14.08
Trading_2,2017,Trading,6.159969709,7.329770563,9.168578594,106.5765004,4.34,0.98,0.42,1.48,14.07
Trading_2,2018,Trading,5.493292421,4.849356443,9.465447373,111.0832792,4.71,1.13,0.43,1.65,14.35
Trading_2,2019,Trading,3.280093202,4.727299869,9.824279937,114.3521423,4.71,1.37,0.48,2.16,15.73
Trading_2,2020,Trading,3.279972602,4.733618039,11.14070385,123.1490008,7.9,1.48,0.45,1.9,14.56
Trading_2,2021,Trading,2.790418061,5.216968972,8.798695129,123.3063389,8.48,1.27,0.58,2.34,15.9
Trading_2,2022,Trading,6.830880729,6.099025727,10.05693775,125.1068004,7.5,0.92,0.45,1.67,15.16
Trading_2,2023,Trading,5.505575059,5.727780075,10.36965828,132.7562009,9.77,0.92,0.6,1.91,14.87
Trading_2,2024,Trading,6.040362889,5.164916561,8.185801651,132.5583127,6.25,1.24,0.56,1.95,15.16
Trading_3,2015,Trading,4.372700594,4.082337977,10.44741158,97.69801285,5.71,0.74,0.36,1.89,15.03
Trading_3,2016,Trading,7.253571532,7.879639409,8.557975443,104.6402849,9.21,0.61,0.58,2.05,15.52
Trading_3,2017,Trading,6.159969709,7.329770563,9.168578594,106.5765004,5.34,0.85,0.33,1.36,14.56
Trading_3,2018,Trading,5.493292421,4.849356443,9.465447373,111.0832792,9.78,0.79,0.55,1.77,14.71
Trading_3,2019,Trading,3.280093202,4.727299869,9.824279937,114.3521423,4.07,0.8,0.41,1.16,15.79
Trading_3,2020,Trading,3.279972602,4.733618039,11.14070385,123.1490008,9.82,0.73,0.56,1.58,15.89
Trading_3,2021,Trading,2.790418061,5.216968972,8.798695129,123.3063389,4.26,0.54,0.56,1.73,15.79
Trading_3,2022,Trading,6.830880729,6.099025727,10.05693775,125.1068004,9.35,0.52,0.54,1.98,14.84
Trading_3,2023,Trading,5.505575059,5.727780075,10.36965828,132.7562009,7.17,1.49,0.54,2.43,15.56
Trading_3,2024,Trading,6.040362889,5.164916561,8.185801651,132.5583127,9.96,0.93,0.39,1.9,14.95
Trading_4,2015,Trading,4.372700594,4.082337977,10.44741158,97.69801285,4.44,0.88,0.32,2.12,15
Trading_4,2016,Trading,7.253571532,7.879639409,8.557975443,104.6402849,7.32,1.18,0.42,1.76,14.41
Trading_4,2017,Trading,6.159969709,7.329770563,9.168578594,106.5765004,9.82,0.72,0.35,1.95,15.18
Trading_4,2018,Trading,5.493292421,4.849356443,9.465447373,111.0832792,7.14,1.45,0.51,1.11,14.37
Trading_4,2019,Trading,3.280093202,4.727299869,9.824279937,114.3521423,7.78,1.29,0.4,1.38,14.66
Trading_4,2020,Trading,3.279972602,4.733618039,11.14070385,123.1490008,8.17,0.59,0.59,1.54,15.71
Trading_4,2021,Trading,2.790418061,5.216968972,8.798695129,123.3063389,6.73,0.92,0.49,1.71,14.41
Trading_4,2022,Trading,6.830880729,6.099025727,10.05693775,125.1068004,7.77,1.38,0.55,1.07,14.14
Trading_4,2023,Trading,5.505575059,5.727780075,10.36965828,132.7562009,7.51,1.44,0.34,1.21,14.14
Trading_4,2024,Trading,6.040362889,5.164916561,8.185801651,132.5583127,9.41,0.97,0.56,1.42,15.88
Trading_5,2015,Trading,4.372700594,4.082337977,10.44741158,97.69801285,4.27,1.11,0.58,2.46,15.01
Trading_5,2016,Trading,7.253571532,7.879639409,8.557975443,104.6402849,5.69,0.67,0.45,1.5,14.82
Trading_5,2017,Trading,6.159969709,7.329770563,9.168578594,106.5765004,9.7,1.49,0.48,1.72,15.62
Trading_5,2018,Trading,5.493292421,4.849356443,9.465447373,111.0832792,9.34,0.73,0.53,1.29,15.67
Trading_5,2019,Trading,3.280093202,4.727299869,9.824279937,114.3521423,6.73,1.44,0.35,1.92,14.66
Trading_5,2020,Trading,3.279972602,4.733618039,11.14070385,123.1490008,7.72,1.15,0.45,1.42,15.39
Trading_5,2021,Trading,2.790418061,5.216968972,8.798695129,123.3063389,5.66,1.11,0.42,1.31,15.54
Trading_5,2022,Trading,6.830880729,6.099025727,10.05693775,125.1068004,5.13,1.01,0.34,1.77,15.31
Trading_5,2023,Trading,5.505575059,5.727780075,10.36965828,132.7562009,6.78,0.73,0.41,1.01,14.3
Trading_5,2024,Trading,6.040362889,5.164916561,8.185801651,132.5583127,6.12,0.68,0.32,1.01,15.75
